car_maker,country,sales_year,sales_number,sales_price
Acura,Austria,1958,26361,44672
Lexus,Portugal,1995,188115,71541
Subaru,Portugal,1995,22202,11798
Hyundai,Hungary,2012,139453,33034
Audi,France,2008,130705,100913
Mercedes-Benz,France,2005,188577,64982
Lamborghini,France,2010,122814,57209
Honda,Spain,2006,91755,92191
Honda,Netherlands,1964,60651,88776
Ford,France,2009,95625,110895
Infiniti,Netherlands,2010,94297,23221
Volkswagen,France,2008,62644,115177
Hyundai,France,2005,86884,26140
Austin,Austria,2008,116539,101473
Chevrolet,Austria,2007,198565,52256
Mercedes-Benz,Hungary,2010,101032,50499
Volvo,Austria,1969,25231,13422
Nissan,Netherlands,2004,185984,19882
Mitsubishi,Austria,1993,116025,88575
Honda,Austria,1989,53924,35539
Mitsubishi,Austria,1988,82765,36919
BMW,Netherlands,2012,80462,61828
Jaguar,Austria,2005,4128,72069
Ford,Portugal,2012,91940,20975
Ford,Portugal,2000,2742,81796
Chevrolet,Portugal,2009,94438,67778
Austin,Austria,2011,56518,41653
Dodge,Netherlands,1994,133600,92017
Ford,Austria,2008,69325,69483
Land Rover,Hungary,2000,68902,13965
Dodge,Austria,1968,85465,80031
Chrysler,Spain,2003,126195,18866
Hyundai,Austria,2006,97378,87073
Jaguar,Austria,1987,11291,24301
GMC,Netherlands,2006,193517,34385
Austin,Austria,1995,110775,74460
Chevrolet,Spain,1996,3026,85390
BMW,Netherlands,2006,85095,32933
Chrysler,Austria,1992,147391,95529
Mitsubishi,Austria,1992,156860,68254
Ford,Portugal,1996,118448,21699
Toyota,Spain,2001,69843,73424
Dodge,Austria,2012,125604,25737
Chevrolet,Spain,1974,2813,96987
Subaru,Netherlands,1989,20165,62215
Nissan,Portugal,2012,134989,64134
Honda,Spain,2010,48430,109089
Subaru,Austria,2007,80225,32806
Honda,Spain,2007,174736,87473
Hyundai,Netherlands,1995,84593,32037
BMW,Spain,1999,163735,65758
Chevrolet,Portugal,2003,103607,107446
Mazda,Spain,2004,89710,50734
Ford,Austria,2012,31740,100623
BMW,Austria,2004,64076,45611
GMC,Hungary,2002,121867,20741
Toyota,Netherlands,1992,103430,62103
Ford,Netherlands,2007,12373,33475
Lexus,Austria,2006,78159,16803
MINI,Austria,2006,142247,65544
Audi,Portugal,1994,42068,95121
Suzuki,Austria,2010,183539,52615
Ford,Austria,2007,190396,91690
Toyota,Netherlands,2006,13122,52527
BMW,Austria,2004,27085,105724
Mercedes-Benz,Austria,1994,104985,64555
Nissan,Austria,1989,158993,49152
Ford,Portugal,2008,188126,37876
Audi,Austria,1989,151836,103562
Ford,Austria,2007,131265,12973
Chevrolet,Netherlands,1994,60566,60852
Mitsubishi,Austria,1995,26043,11595
Dodge,Spain,1999,66274,88085
Nissan,Spain,2005,90825,26726
Chrysler,Portugal,2007,118564,22201
Honda,Spain,1991,181822,85793
Hyundai,Austria,2006,178709,86466
Mercedes-Benz,Portugal,2003,123086,44824
Honda,Austria,2005,140002,17003
Chrysler,Austria,2007,76885,94354
BMW,Netherlands,2007,95412,104589
Volkswagen,Austria,1988,118391,98181
Mazda,Netherlands,1985,187789,56404
Mitsubishi,Austria,1997,28494,68937
Nissan,Austria,2012,169696,48926
Chevrolet,Hungary,2012,26067,96245
Mercedes-Benz,Netherlands,1993,195880,57942
Acura,Austria,2011,142160,71441
Dodge,Spain,1992,61052,115800
Porsche,Austria,1989,22826,111711
Mercedes-Benz,Netherlands,2000,157923,18477
Chevrolet,Portugal,1993,113240,22996
Mitsubishi,Austria,1996,98879,56366
Suzuki,Portugal,2011,139703,14767
Chevrolet,Spain,1996,67189,58892
BMW,Austria,1992,18500,11342
Kia,Hungary,2013,97833,82748
Audi,Netherlands,1998,124928,111167
Ford,Spain,2004,71448,12696
Chevrolet,Netherlands,2006,127842,76194
GMC,Portugal,2002,133101,81026
Jaguar,Portugal,2012,24896,23667
Maserati,Netherlands,2008,135332,85980
Nissan,Austria,2006,197049,84868
Mazda,Austria,1984,127284,105028
Ford,Austria,1989,163499,105748
GMC,Spain,2002,93627,117445
Acura,Netherlands,2010,149750,83913
Toyota,Portugal,1994,197388,96109
Mercedes-Benz,Austria,2007,63672,116106
Ford,Austria,1997,175095,54811
Suzuki,Austria,2005,12114,117724
Honda,Netherlands,2009,198466,54579
Subaru,Austria,1985,98346,95716
Nissan,Netherlands,2004,103316,34110
Ford,Austria,1992,43692,73207
Mercedes-Benz,Spain,1993,103727,77403
Volkswagen,Austria,1987,98622,63177
Ford,Netherlands,2000,194454,34289
Volkswagen,Spain,1989,47758,89914
Toyota,Austria,2004,29074,50221
Mercedes-Benz,Austria,2009,113623,64488
GMC,Austria,1996,134153,106029
Chrysler,Portugal,1997,19810,97903
Honda,Spain,2006,72677,22775
Suzuki,Austria,1991,126818,14077
Mercedes-Benz,Spain,1992,143861,116497
Ford,Austria,2003,195666,93686
Suzuki,Austria,1996,4686,117311
Mercedes-Benz,Netherlands,2005,194077,46531
Chevrolet,Austria,2006,139692,52290
Chevrolet,Austria,2001,119245,98565
Hyundai,Austria,2007,133678,67113
Audi,Austria,2008,149132,64274
BMW,Netherlands,1997,24299,33852
Ford,Portugal,2008,178837,13542
Saab,Netherlands,1995,33310,97406
Hyundai,Austria,2010,33037,109762
GMC,Austria,1997,116357,27716
Ford,Portugal,2005,129926,58944
Honda,Portugal,1972,127290,14990
Mercedes-Benz,Austria,2005,70459,24463
Hummer,Spain,1996,133516,86052
Toyota,Austria,2001,101436,46727
Honda,Portugal,1983,176005,102379
Bentley,Austria,2010,14957,67635
Lexus,Austria,2004,61809,105196
Lamborghini,Austria,1997,87527,94485
Chevrolet,Austria,2002,63177,65453
Nissan,Austria,2004,80907,102795
Toyota,Portugal,1960,106397,21145
Nissan,Austria,2010,108685,61137
Volkswagen,Spain,1999,52307,115590
Hyundai,Portugal,2010,104590,16965
Audi,Austria,2008,151724,108279
Toyota,Portugal,1995,77249,105781
Dodge,Netherlands,2011,73664,108087
Suzuki,Portugal,1987,31868,51160
Mercedes-Benz,Portugal,1976,88195,107677
Nissan,Portugal,2010,27246,79686
Honda,Portugal,2012,26102,25985
Lamborghini,Portugal,1985,136168,26103
Honda,Austria,2008,74723,94083
Nissan,Netherlands,2010,188299,68953
Land Rover,Netherlands,2010,44081,64678
Ford,Austria,2007,78677,24347
Cadillac,Netherlands,2009,45181,107946
Ford,Austria,1990,121167,74747
Mercedes-Benz,Austria,1993,97119,59116
GMC,Austria,2005,139281,80338
Chevrolet,Austria,2004,9931,92068
Ford,Portugal,2009,64053,47516
Honda,Hungary,1997,43783,62841
Toyota,Austria,2006,121640,33242
GMC,Portugal,2009,65352,27239
Honda,Austria,1994,88677,40127
Chevrolet,Portugal,2005,172823,70266
Chevrolet,Netherlands,2010,111171,119788
Toyota,Austria,2010,60157,100849
Mitsubishi,Netherlands,1996,1944,24190
Maybach,Austria,2005,179348,38721
Porsche,Austria,2008,30175,13551
Mazda,Spain,1994,98740,32085
Maserati,Austria,1962,6270,46174
Mitsubishi,Austria,1961,4917,14645
GMC,Spain,2009,79125,39742
Chevrolet,Netherlands,1995,96159,48246
Dodge,Austria,2000,28413,106630
Lexus,Spain,2012,49134,72595
Volkswagen,Netherlands,1986,113788,49246
Hummer,Portugal,2008,60463,15359
Chevrolet,Austria,1995,124426,44479
Chevrolet,Austria,1992,132192,28641
Acura,Austria,2002,13746,85509
Suzuki,Spain,2010,13224,44661
Honda,Portugal,1990,181851,68357
Chevrolet,Austria,1971,145108,14050
Ford,Austria,1997,131994,44854
Honda,Portugal,1995,130107,20492
Suzuki,Netherlands,2007,55976,68284
Dodge,Austria,1992,78914,95942
Mercedes-Benz,Austria,2010,134839,47587
Volvo,Austria,2007,144287,36485
Infiniti,Portugal,2007,134360,93525
Honda,Portugal,2006,2959,23091
Mitsubishi,Austria,1986,172749,99776
Honda,Portugal,2006,144593,69772
Ford,Austria,2009,124075,95751
Nissan,Portugal,1987,82413,85071
BMW,Austria,2001,122480,20400
Subaru,Hungary,2007,164618,92991
Honda,Spain,2005,52679,48586
Dodge,Netherlands,1994,118615,26624
Dodge,Austria,2007,179696,28457
Daewoo,Spain,1999,111735,47224
Chevrolet,Austria,1996,160621,58917
Mercedes-Benz,Austria,2003,82962,81671
Suzuki,Austria,2002,6875,31746
Honda,Austria,1999,149417,89696
GMC,Austria,1999,188807,74528
Suzuki,Austria,1985,131287,50750
Dodge,Portugal,2001,32994,47822
Dodge,Austria,1995,160973,99308
Infiniti,Hungary,2001,83372,94202
Toyota,Austria,1992,17105,56984
Mercedes-Benz,Austria,2005,99500,118880
Ford,Portugal,1999,18042,73042
Nissan,Austria,1985,54585,62101
Chevrolet,Austria,1984,99016,65391
Toyota,Austria,2004,114484,14630
Acura,Austria,2000,145330,55073
Nissan,Austria,1995,93854,118825
Toyota,Austria,2012,77196,103209
Audi,Netherlands,2001,118276,115941
Cadillac,Austria,2006,79726,57230
Chevrolet,Portugal,2006,154470,41356
Chrysler,Portugal,2012,43638,25622
Chevrolet,Spain,2003,93889,97739
Land Rover,Spain,1998,48232,87113
Lexus,Austria,2005,166764,100331
Subaru,Austria,2005,137491,19261
Maserati,Austria,1991,59676,76439
Chevrolet,Portugal,2005,190111,72828
GMC,Austria,1993,37395,84283
Infiniti,Portugal,1995,172018,65997
Dodge,Portugal,1998,138939,17241
Honda,Spain,1994,124656,67622
Acura,Austria,2011,159733,22926
Volkswagen,Netherlands,1992,25104,33051
Mazda,Austria,2001,31519,56855
Land Rover,Austria,1992,65005,36277
Volvo,Netherlands,1997,72353,47015
Dodge,Austria,1997,154579,14629
Honda,Austria,2002,63450,88303
Honda,Netherlands,1980,139542,41706
Kia,Portugal,2007,24281,84110
Lotus,Netherlands,1994,176779,47633
Suzuki,Austria,1981,96427,65715
Cadillac,Austria,2012,55014,115514
Ford,Spain,2004,34996,114264
Dodge,Austria,2003,38666,50516
Toyota,Netherlands,1994,61091,54663
Dodge,Portugal,1995,177868,47655
Volvo,Netherlands,2009,130143,98769
Suzuki,Austria,2013,115172,49907
Land Rover,Austria,2011,79801,82915
Porsche,Spain,2011,190062,45997
Toyota,Spain,2007,135377,106166
Chrysler,Austria,1997,15523,51955
Mazda,Austria,1987,142319,48915
Audi,Spain,1994,198702,28700
Audi,Austria,2000,196095,40495
Honda,Spain,1990,20092,109137
Bugatti,UK,2005,187127,71277
Suzuki,Austria,2003,91431,107858
Dodge,Austria,2004,163367,87540
Ford,Austria,2007,167929,96971
Toyota,Netherlands,1961,37547,51357
Toyota,Spain,1982,103146,65981
Toyota,Austria,1984,183175,54547
Mitsubishi,Netherlands,1960,197387,54623
Chrysler,Netherlands,1982,48907,93042
Chevrolet,Spain,1999,102583,32926
Audi,Austria,1970,16934,33642
Mercedes-Benz,Portugal,1961,156264,17572
Hyundai,Netherlands,1981,89378,62089
Chevrolet,Portugal,1979,126460,67946
BMW,Austria,1996,19632,88270
Chrysler,Austria,1972,89856,61958
Porsche,Netherlands,2012,47630,40202
Honda,Portugal,1995,60433,105525
Ford,Portugal,1995,95119,103820
Audi,Austria,1986,191535,30567
BMW,Austria,1970,103855,36352
Audi,Austria,1991,192383,48250
Suzuki,Hungary,2007,107071,31000
Cadillac,Netherlands,1984,15091,11157
Honda,Austria,1972,5658,87023
Chrysler,Austria,1993,98367,87670
Dodge,Austria,1998,43264,90949
Jensen,Austria,1973,31608,53325
Ford,Spain,1985,146643,92020
Lexus,Netherlands,2011,95267,70629
GMC,Austria,1992,10406,46218
Daewoo,Austria,1999,67438,60043
Honda,Austria,1997,2279,66948
Chrysler,Netherlands,1997,34416,25400
Nissan,Austria,2007,119103,62882
Hyundai,Portugal,1997,118871,110946
Nissan,Austria,2005,97958,104796
Cadillac,Austria,2004,108471,102324
GMC,Netherlands,1996,117665,88422
Cadillac,Netherlands,1983,74783,52646
Nissan,Austria,1999,17135,88968
Volkswagen,Austria,2011,151992,98007
Chevrolet,Austria,1992,13576,83165
Land Rover,Portugal,2003,65206,12529
BMW,Netherlands,2007,114894,106762
Infiniti,Austria,2000,184907,58686
Jensen,Austria,2007,166168,24409
Chevrolet,Netherlands,1983,171295,115335
Honda,Austria,2002,111247,116314
Nissan,Netherlands,1999,11928,83395
Infiniti,Austria,2009,17106,92362
BMW,Austria,2006,40057,90867
Chevrolet,Netherlands,1994,52697,53208
Chevrolet,Portugal,2007,164498,58418
Toyota,Portugal,2004,174473,115957
Mercedes-Benz,Austria,2002,44032,118945
Toyota,Netherlands,2007,75787,68822
Maybach,Netherlands,2008,180972,32441
Porsche,Italy,1961,64891,56052
Chevrolet,Netherlands,2006,186851,27956
Audi,Austria,1994,76393,97752
Chevrolet,Portugal,2006,110528,50538
Audi,Austria,2012,16056,36178
Daewoo,Italy,1978,190866,80449
GMC,Austria,2007,130547,92111
Lexus,Austria,2011,13997,23064
Jensen,Austria,1993,177008,92110
GMC,Italy,1992,22319,89228
Toyota,Italy,1994,87454,65440
Volkswagen,Netherlands,2003,122378,90669
Suzuki,Portugal,2008,64845,106690
Suzuki,Italy,1992,172734,73934
Infiniti,Italy,2008,191253,43905
Mercedes-Benz,Italy,1996,113389,44515
Toyota,Netherlands,2005,152153,27265
Subaru,Austria,1996,134539,67617
Suzuki,Austria,1997,20118,81954
Cadillac,Portugal,1995,159227,36695
Maserati,Netherlands,2006,53420,86675
Nissan,Austria,1993,94995,73151
Subaru,Italy,1996,9486,110828
Dodge,Netherlands,2007,15828,77539
Mitsubishi,Netherlands,1996,192814,103445
GMC,Portugal,1996,139631,109233
Acura,Austria,1996,44240,99013
Acura,Austria,1992,40433,20040
Dodge,Austria,2003,69629,67790
BMW,Austria,1992,145790,101564
Toyota,Austria,2004,75084,36355
Mercedes-Benz,Netherlands,2001,170428,113251
Chrysler,Austria,1996,28864,85957
Dodge,Austria,2001,81773,88674
Dodge,Austria,2000,170349,12429
Honda,Austria,1988,163448,37036
Lexus,Italy,2010,143924,40365
Porsche,Italy,1990,170342,52439
Ford,Austria,1988,110554,13086
Saab,Austria,1994,49875,55802
Subaru,Austria,1985,30967,66102
Volkswagen,Portugal,1990,44211,75620
Mitsubishi,Austria,1996,146255,119883
Honda,Netherlands,2002,179280,28963
Suzuki,Austria,2011,41376,29471
Ford,Austria,2006,86883,14659
Chevrolet,Portugal,2003,41656,118637
Mitsubishi,Austria,1991,193396,66857
Subaru,Austria,2005,3537,19755
Mazda,Italy,2000,173963,30278
Nissan,Portugal,2009,81015,87484
Chevrolet,Portugal,2007,126537,117009
Acura,Austria,1996,62699,54168
Ford,Austria,2011,20307,70086
Dodge,Austria,1997,83641,48817
Dodge,Austria,1993,163407,113710
Suzuki,Portugal,2005,66856,62396
Volkswagen,Austria,1979,153768,50245
Ford,Austria,1987,33842,117639
Suzuki,Italy,2005,151472,101002
Ford,Hungary,1988,26610,60039
Ford,Austria,2010,128745,101997
Maserati,Austria,1990,119623,48498
Subaru,Austria,2009,129190,21187
Dodge,Austria,2002,31272,95642
Acura,Portugal,2004,124019,81543
Fairthorpe,Austria,2001,189039,84383
Honda,Italy,2010,106962,111561
Fairthorpe,Austria,1993,126351,116464
Acura,Italy,1993,176548,65713
Audi,Hungary,1990,185907,37821
Cadillac,Netherlands,2012,189139,50661
Toyota,Portugal,1994,179698,60366
Ford,Austria,1993,42453,45419
Fairthorpe,Austria,1982,117140,59461
Honda,Netherlands,2005,18877,97733
Volvo,Austria,2000,136726,105906
Ford,Portugal,1996,196594,16908
Fairthorpe,Austria,1987,50060,24199
Mazda,Austria,2004,47680,50497
Volkswagen,Austria,1988,51485,72363
Ford,Netherlands,1988,46980,44933
Toyota,Austria,1994,30463,88336
Chrysler,Netherlands,1992,102246,39552
Saturn,Italy,2002,136434,72625
Suzuki,Austria,1974,152860,49651
Chrysler,Austria,2008,64252,116265
Saturn,Portugal,2000,18370,73889
Toyota,Portugal,1976,129026,35031
Dodge,Austria,2005,124862,91267
Ford,Austria,2013,3834,81829
Chevrolet,Austria,2000,199415,19596
Hyundai,Italy,1996,113893,39474
Nissan,Netherlands,1976,184728,55295
Acura,Austria,1977,120095,11753
Toyota,Austria,2004,34410,72929
BMW,Austria,2000,175989,73333
Suzuki,Austria,2008,47267,15579
GMC,Austria,2000,133483,101172
Porsche,Austria,2007,175149,48600
Honda,Italy,1995,86677,104171
Ford,Portugal,2006,22940,16522
Mitsubishi,Austria,1992,142654,48001
Mazda,Portugal,1985,129173,36175
BMW,Austria,2006,1459,29711
Cadillac,Italy,1975,153177,27264
Ford,Austria,1986,19276,15394
Mazda,Austria,1997,99437,15213
Suzuki,Austria,1998,48698,64813
Land Rover,Italy,1998,58193,98356
Volkswagen,Austria,2008,136256,72682
Chevrolet,Austria,2011,180189,25169
GMC,Austria,2002,82137,21087
Mitsubishi,Austria,1994,177437,42410
Infiniti,Hungary,2011,111259,31082
Lexus,Italy,2000,181888,18909
Dodge,Italy,1996,56733,82784
Volvo,Austria,2004,10969,55932
Mercedes-Benz,Austria,1984,7121,104234
Toyota,Portugal,2006,44372,95969
Audi,Portugal,2004,85804,116606
BMW,Austria,2002,148271,20235
Toyota,Austria,1989,95835,45816
Mitsubishi,Austria,1965,43554,47900
Ferrari,Austria,2007,97359,15512
Mazda,Italy,1998,42269,35808
Subaru,Austria,2012,29839,24014
BMW,Austria,2009,183587,71158
Toyota,Austria,2012,100621,49057
Mitsubishi,Italy,1988,99741,107407
Nissan,Austria,1994,33439,27441
Chrysler,Portugal,2003,47884,107275
Honda,Italy,2008,50799,28895
Mitsubishi,Austria,2005,20782,39986
GMC,Netherlands,1975,32658,31742
Suzuki,Italy,1996,8595,38049
Suzuki,Austria,2009,39233,52639
Toyota,Portugal,2000,11545,79506
Honda,Austria,1988,125040,89615
Audi,Austria,1995,186594,75873
BMW,Austria,2001,47840,58616
Mitsubishi,Italy,1983,34230,104749
Toyota,Austria,2012,157087,34987
Bugatti,Austria,2011,154638,16266
Volkswagen,Austria,1976,146620,55861
Lamborghini,Portugal,1994,152320,51848
BMW,Netherlands,1997,137587,26762
Mitsubishi,Portugal,1997,140663,110777
Suzuki,Italy,1976,149827,54890
Chrysler,Netherlands,1996,118847,56439
Suzuki,Portugal,1984,181537,117057
GMC,Portugal,2006,185240,112756
Mazda,UK,1993,4070,65008
Honda,Austria,1987,162517,82490
Honda,Netherlands,1999,149819,113309
Mercedes-Benz,Austria,1987,59369,39061
Subaru,Austria,2006,81403,81510
Chrysler,Italy,1996,8851,118279
Toyota,Austria,2005,72221,44000
Nissan,Italy,2003,92097,25372
Toyota,Austria,1967,18339,73514
Toyota,Netherlands,2006,25503,29183
Volvo,Austria,2013,1197,38870
Nissan,Austria,2005,122710,119135
Toyota,Austria,1989,8355,35080
Toyota,Italy,1993,66417,25552
BMW,Austria,2001,17463,85494
Acura,Austria,2004,27766,56306
Chevrolet,Portugal,1975,81831,106257
Chevrolet,Portugal,2009,64306,117725
Chevrolet,Austria,2003,165945,31082
Dodge,Austria,2001,23643,118094
Hummer,Austria,1995,47793,19177
Hummer,Austria,1984,122557,76857
Nissan,Portugal,1992,173240,66848
Mazda,Portugal,2006,49301,112115
Alfa Romeo,Italy,1994,99497,112404
Toyota,Austria,2003,10965,11172
Porsche,Austria,1987,103782,96170
McLaren,Netherlands,2002,66485,52649
Chevrolet,Austria,1998,116539,63468
Audi,Austria,1985,90914,95140
Volkswagen,Portugal,2010,9050,36846
McLaren,Italy,1984,179383,30708
Honda,Italy,1988,199873,31988
Dodge,Italy,1996,188450,97840
Chrysler,Italy,2000,29287,29739
Maserati,Hungary,2010,183733,17422
Lotus,Portugal,2005,84387,61988
Cadillac,Austria,2006,179684,29792
Mazda,Austria,2007,109618,95086
Hummer,Austria,2010,174292,53398
Nissan,Austria,1992,5540,31544
Chevrolet,Austria,1975,53983,103142
Fairthorpe,Netherlands,1995,110347,46545
Toyota,Italy,2008,163337,118656
Fairthorpe,Netherlands,2008,38012,78468
Ford,Netherlands,1991,88515,53978
Lexus,Austria,2007,170148,118769
Cadillac,Italy,2009,129927,75899
Mitsubishi,Austria,1996,2956,51129
Mercedes-Benz,Netherlands,2012,197676,114107
Ford,Hungary,1993,150593,54118
Toyota,Hungary,2009,68312,35662
Chevrolet,Netherlands,2010,180337,41023
Ford,Italy,1988,134969,102051
Suzuki,Austria,1984,125153,113714
Infiniti,Austria,2013,160100,52197
McLaren,Austria,2005,32018,40913
Maserati,Austria,1990,77814,82128
Mercedes-Benz,Austria,1983,149640,110360
Acura,Portugal,2007,78641,117228
Alfa Romeo,Austria,2004,30694,26707
GMC,Austria,2009,92525,97474
Honda,Italy,1993,174573,116860
Suzuki,Portugal,2002,186318,65341
Alfa Romeo,Austria,1983,106917,106843
Mitsubishi,Austria,1993,103166,54988
Mazda,Portugal,2008,119073,11258
Chrysler,Portugal,2001,35003,58777
Alfa Romeo,Austria,2009,168904,72552
Austin,Portugal,1964,68675,62656
Volkswagen,Italy,1992,5203,114086
Hyundai,Austria,2007,154511,75164
Alfa Romeo,Austria,2002,99681,48697
Mitsubishi,Austria,1991,72853,113039
Suzuki,Austria,1992,70137,16027
BMW,Austria,2006,49126,26679
Alfa Romeo,Netherlands,1989,18054,18889
Ford,Austria,2001,46472,105011
Lotus,Austria,1991,169393,55910
Toyota,Austria,2004,47142,103963
Acura,Netherlands,2006,186198,82259
Mitsubishi,Italy,1988,111910,12634
Mitsubishi,Italy,2001,84047,75352
Volkswagen,Spain,1996,87199,102279
Bentley,Austria,2012,157770,59742
Ford,Austria,2002,109651,83980
Lexus,Austria,2007,185120,31676
Nissan,Spain,1961,172145,10743
Toyota,Austria,2001,119454,69490
Mitsubishi,Portugal,1993,117142,62631
Mitsubishi,Austria,2003,71963,19873
Mazda,Austria,2012,77389,82278
Suzuki,Austria,2003,95166,37159
Chevrolet,Italy,1993,52733,32368
Mazda,Portugal,2006,33239,17145
Ford,Austria,2001,26343,99168
Ford,Austria,2008,168859,25046
Honda,Austria,1984,105962,56658
Ford,Italy,1969,141471,107510
Acura,Austria,1998,9087,56278
Toyota,Spain,1994,130029,41304
Mitsubishi,Austria,1992,43226,83602
Dodge,Austria,1997,77831,46116
Mitsubishi,Italy,1988,189133,29963
BMW,Italy,2010,190801,96545
Dodge,Austria,2002,7851,92282
Ferrari,Austria,2006,94706,82677
Audi,Italy,1981,83824,62643
Dodge,Italy,1996,174570,74337
Chrysler,Spain,1999,60003,96192
Ford,Austria,1994,166798,102618
Audi,Spain,1999,167043,45870
Honda,Austria,2005,127489,89179
Land Rover,Italy,1991,100691,73317
Suzuki,Austria,2007,87599,44448
Ferrari,Austria,2011,161603,29784
Mazda,Austria,1992,51413,54179
Nissan,Austria,2002,177209,31946
Mitsubishi,Austria,1998,13095,36852
Audi,Austria,1990,98801,18399
BMW,Austria,2006,120929,93029
Honda,Austria,2005,165429,62585
Nissan,Spain,2005,63912,114716
Cadillac,Portugal,1995,171278,91784
McLaren,Portugal,2012,40665,92322
BMW,Austria,1959,122906,13965
Chevrolet,Portugal,2012,76062,69432
Mitsubishi,Austria,1998,136402,40674
Jaguar,Italy,2008,196049,99475
Bentley,Austria,2008,28507,105582
Chevrolet,Austria,1992,182305,102122
Dodge,Portugal,1998,116036,31304
Maserati,Austria,1985,172304,13976
BMW,Austria,1997,112983,24061
Honda,Austria,2008,1492,80602
Ford,Austria,2011,100114,51266
BMW,Austria,1997,45871,53484
Mitsubishi,Austria,1993,18509,32605
Chevrolet,Italy,2011,54292,113357
Dodge,Austria,2002,1035,10510
Mitsubishi,Austria,2002,10818,81984
Hyundai,Austria,1993,82548,106578
Mazda,Spain,2003,174095,100849
Corbin,Austria,2004,142321,58233
Honda,Portugal,1997,99352,78858
McLaren,Austria,1996,103164,16482
Ford,Austria,2001,38435,109640
Saturn,Austria,2009,182010,61178
Suzuki,Austria,1995,37600,112480
Chevrolet,Spain,2011,197972,71383
GMC,Austria,1993,77673,119677
Toyota,Austria,1993,6676,19855
Honda,Austria,2002,121518,33704
Mazda,Italy,2005,84660,88178
Hyundai,Austria,2007,65369,14330
Toyota,Spain,1976,112618,36974
Honda,Italy,1998,113720,118642
Ford,Austria,2002,169189,74658
Ford,Portugal,1967,30156,118026
Kia,Austria,1998,125735,83625
BMW,Hungary,1961,185648,93568
Mazda,Austria,2005,170901,38275
Toyota,Portugal,1989,93460,92044
Toyota,Austria,2012,191991,15727
Volvo,Austria,2007,69375,55301
Mazda,Spain,1995,186158,110283
Chevrolet,Austria,2009,164036,63972
Toyota,Hungary,1986,103213,92940
Volkswagen,Spain,1994,87985,43768
Toyota,Portugal,1994,137964,112868
Dodge,Spain,1993,179650,88189
Nissan,Spain,1975,181824,83857
Chevrolet,Spain,1983,157031,54564
Honda,Spain,1983,67669,118262
Infiniti,Spain,2004,9438,29199
McLaren,Spain,1990,62940,76988
Chevrolet,Spain,1985,84399,31641
Honda,Spain,1973,176869,67832
Audi,Spain,2009,198585,80787
Fairthorpe,Portugal,2011,106540,78458
Hyundai,Portugal,2005,53211,13820
Suzuki,Spain,1985,4063,51326
Acura,Spain,2011,46230,26792
Dodge,Portugal,1996,176644,99204
Volvo,Spain,1998,79351,68328
Alfa Romeo,Italy,1983,194710,81544
Ford,Spain,1988,47911,57431
Mazda,Portugal,2005,80361,111940
Chrysler,Spain,2002,98421,46437
Chevrolet,Spain,2006,140171,58589
Alfa Romeo,Portugal,2003,122010,90137
GMC,Spain,2010,35501,66564
Ford,Spain,1987,149153,80814
Suzuki,Spain,2001,173099,53758
Nissan,Spain,2001,33169,31028
Mitsubishi,Netherlands,1985,105799,71205
Alfa Romeo,Italy,1995,23116,75217
Maserati,Spain,2003,44481,37700
Hyundai,Spain,1995,171899,110978
Chevrolet,Spain,2009,185106,108150
Alfa Romeo,Portugal,1998,98199,115116
Aston Martin,Portugal,2012,174755,115522
Mitsubishi,Spain,1994,82101,91952
Kia,Spain,2010,129640,31800
Mitsubishi,Spain,1986,117682,112979
Volkswagen,Portugal,2001,149642,56585
Cadillac,Italy,2003,199078,41304
Jaguar,Spain,2005,132758,26137
Ford,Spain,2006,106782,118257
Ford,Italy,1995,1922,43681
Alfa Romeo,Italy,2006,65084,59073
Jensen,Spain,2006,37084,60227
Mazda,Spain,1984,184528,104204
Ford,Spain,1984,187559,115545
Dodge,Spain,2003,4593,81984
Suzuki,Italy,2001,70031,39498
Saturn,Spain,1996,117817,51019
Mitsubishi,Hungary,2005,89406,11598
Ford,Spain,2001,69564,106026
Land Rover,Spain,1994,192288,83615
Mitsubishi,Spain,2001,62099,119323
Hummer,Italy,2005,16919,27786
Hyundai,Italy,2010,66536,89613
Lexus,Spain,2006,3607,62980
Ford,Spain,2000,163601,36728
Honda,Spain,1993,76736,53232
Mercedes-Benz,Spain,2006,100302,115474
Nissan,Spain,2002,23977,91644
Mitsubishi,Italy,1985,158264,117987
Audi,Spain,1990,188380,10171
Ford,Spain,2008,195229,24714
BMW,Hungary,2006,38538,27792
Suzuki,Spain,1998,101334,72558
Volvo,Portugal,2007,27676,94120
Dodge,Italy,2001,178708,111221
Audi,Italy,1997,135018,43084
GMC,Spain,1998,149218,102306
GMC,Spain,2006,116307,27622
Volvo,Italy,2003,176334,82646
Nissan,Spain,1996,107710,33613
Mercedes-Benz,Spain,1979,147528,114894
Ford,Spain,2002,85492,62086
Jaguar,Hungary,2005,8407,58721
Honda,Hungary,2012,161566,61340
Suzuki,Spain,1994,193940,25687
Dodge,Portugal,1999,27383,90102
Mazda,Italy,1974,111350,90938
Mazda,Hungary,1984,130891,89918
Dodge,Spain,2009,31610,87915
Suzuki,Spain,2003,48244,80582
Alfa Romeo,Netherlands,1991,182513,34371
Toyota,Spain,2006,177677,103272
Volkswagen,Spain,1994,34625,24140
Dodge,Spain,1999,143146,46826
Honda,Spain,2006,62865,103824
Nissan,Spain,2002,88823,32664
Mitsubishi,Spain,2004,154638,21791
Acura,Spain,2011,135313,46081
Volkswagen,Spain,2003,28054,102821
Maserati,Spain,2012,125760,17761
Fairthorpe,Italy,1960,41787,61916
Maybach,Italy,2005,146621,33229
Dodge,Spain,1999,56030,36596
Maserati,Italy,2005,161720,77696
Honda,Italy,2006,131861,39039
Dodge,Portugal,1974,39704,118282
Ford,Italy,2006,93266,75868
Mazda,Spain,1991,158724,33707
Nissan,Spain,2000,172613,14208
Fairthorpe,Portugal,2009,94139,57178
Ford,Portugal,2003,179742,99609
Chevrolet,Italy,1993,84118,110180
Infiniti,Spain,2003,14991,16999
Mercedes-Benz,Spain,1981,84743,56486
Chrysler,Spain,2001,129928,77172
Hyundai,Spain,1993,61554,72179
Honda,Hungary,2004,185365,43214
BMW,Spain,1993,196111,15003
Volkswagen,Spain,1995,187896,110416
Volkswagen,Spain,1995,184671,97908
Saturn,Spain,2005,161339,37520
Chrysler,Spain,2009,138169,108110
Volvo,Portugal,1981,191961,55746
Land Rover,Spain,2010,96654,17740
Suzuki,Spain,1989,165254,96228
BMW,Spain,1999,198861,98639
Acura,Italy,1997,95983,113053
Subaru,Spain,2006,135020,48972
Jensen,Spain,1966,2591,48138
Honda,Italy,2004,148680,82966
Chevrolet,Portugal,2002,81864,63076
Lexus,Hungary,2012,193595,15376
BMW,Spain,2010,58616,69518
Toyota,Portugal,2005,156203,60781
GMC,Spain,1998,102830,78936
Ford,Spain,1969,35750,105333
BMW,Italy,2009,82447,111552
Mitsubishi,Spain,1998,24872,34246
Lexus,Spain,2013,63782,80682
Ford,Spain,1997,169176,19114
Saab,Portugal,2004,99775,114391
Suzuki,Spain,1995,94424,65153
GMC,Italy,2005,116052,58939
Mazda,Spain,2008,141117,69628
Volkswagen,Spain,1993,167789,82613
Chevrolet,Portugal,1998,140588,46817
Volkswagen,Spain,1969,45712,117306
Porsche,Italy,1989,197925,69497
Mercedes-Benz,Spain,2012,19259,72869
Infiniti,Spain,2012,23930,109115
Honda,Hungary,2002,36464,13713
Mercedes-Benz,Spain,1992,83926,11342
Subaru,Spain,2005,96973,114057
Lexus,Italy,2007,53139,19040
Chrysler,Spain,1992,151669,46357
BMW,Spain,2007,27926,58648
Chevrolet,Italy,2005,36109,58200
Hyundai,Spain,2008,142957,74646
Infiniti,Spain,1995,26327,89515
Audi,Italy,2010,128179,63394
Suzuki,Spain,2006,119776,86564
Toyota,Spain,2001,58610,32525
Chevrolet,Spain,1980,38736,92752
Ford,Spain,1998,199060,21571
Volkswagen,Spain,2011,24868,105196
Mercedes-Benz,Portugal,2007,121084,29296
Saab,Spain,2012,153176,107381
Ford,Italy,1982,11412,18812
Ford,Portugal,2012,142256,32880
Saab,Spain,2009,2696,56381
Subaru,Hungary,1999,116635,63854
Mercedes-Benz,Spain,1997,50654,83487
Cadillac,Hungary,2006,17235,32992
Mazda,Italy,1985,175398,10589
Mercedes-Benz,Hungary,1998,26114,62849
Dodge,Spain,2006,11901,88133
Honda,Portugal,2008,174323,11534
Mitsubishi,Italy,1990,30331,24951
Mitsubishi,Spain,2004,96080,94729
Toyota,Spain,2005,179842,104288
Hyundai,Spain,1994,114886,24278
Mazda,Spain,2008,29455,72338
Chevrolet,Spain,1996,29542,26284
Honda,Spain,1999,133256,17727
Fairthorpe,Spain,2007,134721,98463
Mazda,Portugal,2005,68627,16215
Ford,Spain,2004,11565,37157
Dodge,Italy,2008,153904,115916
Mazda,Hungary,1995,89872,24651
Mazda,Portugal,1996,120781,71182
Fairthorpe,Spain,1996,109399,62652
BMW,Portugal,1993,5689,19433
Nissan,Hungary,1994,68714,103288
Bentley,Portugal,2012,189241,111520
Lotus,Spain,1997,64607,52050
Chevrolet,Portugal,2002,79628,97066
Maybach,Italy,2009,180646,99833
Fairthorpe,Italy,2002,105796,93611
Jaguar,Spain,1960,71090,10265
Audi,Spain,1967,150498,78927
Maybach,Spain,1988,24702,56427
Lamborghini,Spain,1999,49889,46060
Porsche,Spain,2003,180764,91781
Suzuki,Spain,1996,160896,84250
Maserati,Spain,1989,53344,50423
Chrysler,Spain,2001,130767,23621
Bugatti,Spain,2009,63381,111010
Ferrari,Spain,2008,81715,91046
Fairthorpe,Spain,1999,70085,96963
Ford,Spain,2008,147871,12627
Alfa Romeo,Spain,2000,76171,14293
Audi,Portugal,2007,76530,102999
Alfa Romeo,Hungary,2011,102032,61390
GMC,Italy,1996,182040,116374
Ford,Italy,1997,98664,111318
Alfa Romeo,Spain,2006,3266,62203
Ford,Spain,1988,137230,101239
Mercedes-Benz,Italy,2012,106394,85851
Toyota,Italy,2003,42485,70950
Suzuki,Portugal,1996,85603,58843
Ford,Portugal,2011,177272,91607
Hyundai,Spain,2009,139592,91548
Ford,Spain,1980,186694,55423
Honda,Portugal,1980,191986,75497
Ford,Spain,2006,59907,46055
Lexus,Austria,1980,115167,35613
Cadillac,UK,1958,82006,77085
Ferrari,UK,1989,20104,106193
Honda,Portugal,1986,113047,95423
Alfa Romeo,UK,2010,131063,72675
Nissan,Portugal,1994,160754,78577
Chrysler,UK,1971,121123,90239
Hyundai,UK,1993,137582,26405
Honda,UK,1976,20451,67321
Nissan,Spain,2000,63106,83536
Chevrolet,Spain,1971,151793,70092
Dodge,UK,1976,109484,117716
Lexus,Portugal,2003,37012,92393
Volkswagen,Italy,2012,137997,22518
Honda,Portugal,1998,75100,32697
Hyundai,Portugal,2011,122643,67412
Hummer,UK,1982,99927,78798
Ferrari,UK,1985,44990,78542
Ford,UK,2009,57465,82787
Acura,UK,1994,52652,30140
Chevrolet,Portugal,2006,89944,31585
Hyundai,UK,1982,13957,82656
Ford,UK,1988,121506,105305
GMC,Spain,1996,29179,69093
Ford,UK,1996,87078,97257
Honda,UK,2004,163529,83799
Lexus,UK,1960,97534,90280
Dodge,Hungary,1960,170422,46321
Nissan,Italy,1996,95555,18906
Mitsubishi,UK,2010,27109,105602
Mercedes-Benz,Spain,2000,171219,90889
BMW,UK,2000,121289,13986
Cadillac,UK,2009,119371,111709
Toyota,Italy,2003,32418,101599
GMC,UK,1995,30810,23585
Maserati,UK,2010,102732,72296
Ferrari,UK,2004,56944,70781
Mazda,Italy,1962,71852,113652
Maserati,UK,1962,133760,54397
Toyota,Italy,1966,55550,111049
Mazda,UK,1991,135681,83339
Lamborghini,UK,1990,176602,117175
Lexus,UK,2006,29127,50018
Volkswagen,UK,1984,176310,39352
Dodge,UK,1977,47851,78742
Volkswagen,UK,1972,31842,101967
Dodge,UK,2000,117595,35205
Ford,Italy,1989,67297,58670
Dodge,Portugal,1996,167994,26709
Mercedes-Benz,UK,1966,84633,74720
Honda,UK,2006,39847,118058
Audi,UK,1974,101233,52334
BMW,Italy,1970,48028,94975
Volkswagen,UK,1972,132460,113712
Chevrolet,Spain,1970,44376,30647
Dodge,UK,1996,174876,11174
Mitsubishi,Spain,1970,142233,117030
BMW,UK,2009,56047,17111
Maybach,UK,1998,57704,107702
Mitsubishi,UK,2000,165700,26041
Lexus,UK,2011,25646,85027
Honda,UK,2003,93651,103850
BMW,Spain,2006,156299,41348
Audi,UK,1992,70953,53696
Acura,UK,2010,158518,32764
McLaren,UK,2012,67543,34305
Honda,Spain,2010,36516,23664
Austin,UK,1973,14157,30209
Austin,UK,1986,130220,88413
Dodge,UK,1997,168762,41235
BMW,Spain,2002,175616,112242
Ford,Spain,1994,196493,80259
Mazda,Italy,1989,37188,105321
BMW,UK,1973,117314,37213
Mitsubishi,Spain,1997,57210,38150
Citroen,UK,2010,16818,93331
Toyota,UK,1996,3484,116000
Austin,UK,1970,115879,69470
Ford,UK,1983,85545,27784
Ford,Portugal,1967,130963,28239
Citroen,UK,1970,111419,96752
GMC,Portugal,2008,157179,18904
Ford,Italy,1986,57275,73155
Dodge,Portugal,1997,101990,63828
Dodge,Italy,1997,76103,105231
Suzuki,Italy,1997,141916,44512
Honda,Italy,1992,79173,47216
MINI,UK,2004,188681,27517
Honda,Portugal,2007,58748,96992
Ford,Spain,2002,71377,97472
MINI,UK,1964,147915,10454
Hummer,Spain,2003,183014,15519
Chrysler,UK,1995,35501,94403
Suzuki,UK,2004,147773,89689
Mitsubishi,Italy,1989,102753,51660
Dodge,Italy,2000,162019,32229
Hyundai,UK,1996,91075,117998
Suzuki,Portugal,2009,144960,44873
Chevrolet,UK,2011,182112,115101
Toyota,Spain,2010,122322,91456
Audi,UK,2009,13317,69477
MINI,UK,2008,94283,104084
Toyota,UK,1978,153073,51253
Cadillac,UK,2005,37442,51696
Mazda,UK,1997,63168,91983
Mazda,UK,1969,114221,55123
BMW,Portugal,1992,109003,68438
Mercedes-Benz,UK,1969,2364,64047
Mitsubishi,UK,1999,90270,75846
Porsche,Italy,1987,94014,38336
Toyota,Portugal,1993,156011,30615
Daewoo,UK,1969,169200,65595
BMW,Spain,2001,61980,54524
Audi,UK,2005,155925,110299
Daewoo,UK,2012,25413,96346
Audi,Portugal,1992,186623,84786
Lotus,UK,1994,105434,34668
Nissan,Spain,2007,76829,116202
Lexus,UK,1961,33146,117310
GMC,Portugal,1995,182147,50213
Land Rover,UK,1996,104743,116946
Dodge,Italy,1992,68849,69084
Chevrolet,Spain,1993,8563,93322
Hummer,Italy,2007,190697,31902
Chevrolet,UK,1967,87550,75733
Mitsubishi,UK,1981,29669,74753
Bentley,Italy,1981,128358,107972
Daewoo,UK,1980,52171,95601
Audi,UK,1990,102872,15861
Nissan,Italy,1992,26605,13431
Honda,UK,1968,51751,69208
Dodge,Spain,1996,102835,70513
Dodge,UK,2009,92985,90687
GMC,UK,1996,26914,92686
Nissan,Italy,2005,53370,54733
Mitsubishi,UK,1986,3713,31507
Chevrolet,Spain,1993,47603,72628
Mitsubishi,Italy,1987,95675,86034
Land Rover,UK,1993,31381,60908
Nissan,UK,2011,55494,48284
Daewoo,UK,2009,57310,53648
Ferrari,Spain,2009,143508,66654
Chevrolet,Italy,2010,171767,23463
Volkswagen,Italy,1997,54046,42580
BMW,UK,2008,48224,43878
Mercedes-Benz,Italy,1998,2596,29199
Lexus,Spain,2002,77749,27470
Fairthorpe,UK,2006,92441,118198
Hyundai,UK,2001,140757,35409
GMC,Spain,2009,65746,62085
Fairthorpe,UK,2012,20495,103063
Ford,UK,2009,50815,78742
Dodge,UK,2005,72787,115221
BMW,UK,2004,38023,63298
Chevrolet,UK,1959,191143,57323
Chrysler,Italy,2007,112988,117108
Mercedes-Benz,Italy,2002,80470,51536
Dodge,UK,2008,198768,45455
Nissan,Italy,1994,115701,13735
GMC,Portugal,2005,37224,36182
Fairthorpe,UK,1975,112993,62751
GMC,Portugal,1965,54185,12018
Mitsubishi,UK,1959,7316,14055
Subaru,Spain,2000,98075,95347
Fairthorpe,Hungary,1967,199581,62770
Toyota,Spain,1996,80176,21202
Lamborghini,Italy,2004,70357,114083
Toyota,Italy,1992,44959,11411
Hyundai,UK,1975,160846,109403
Toyota,Spain,1986,162663,33937
GMC,Spain,1965,188272,30620
Hyundai,UK,2009,16853,87517
Acura,UK,2003,66532,100952
Dodge,Portugal,1994,171491,53625
Ford,UK,2009,39926,118742
Honda,Spain,2002,30367,68670
Aston Martin,Austria,1996,195728,78247
Kia,UK,2002,157858,56977
Toyota,Hungary,1973,11787,83297
Lamborghini,Italy,2010,149291,66042
Infiniti,Italy,2012,5396,88064
Mercedes-Benz,UK,1963,189685,72516
Dodge,Spain,1999,13884,17817
Dodge,Portugal,2011,57313,73951
Maybach,Portugal,2005,61998,93840
Chevrolet,Italy,1993,109268,43880
Honda,Italy,1987,71700,17820
Mitsubishi,UK,1996,43354,21519
Maybach,Portugal,2000,30239,36213
Ford,Portugal,1988,87140,25884
Chevrolet,UK,1992,51371,17277
Mitsubishi,UK,1995,28906,116218
Ford,UK,2002,106991,82860
BMW,Spain,2007,146855,74006
Kia,UK,1987,161234,40481
Volkswagen,UK,1987,23705,109591
Ford,UK,1998,22106,15876
Mercedes-Benz,UK,1979,149791,99645
Nissan,Italy,2001,164992,83948
Honda,Italy,1963,50989,107726
Saturn,UK,1994,39063,90155
Jensen,Italy,2001,92153,64319
Mitsubishi,UK,1999,137874,77091
Hyundai,UK,1979,138636,41905
GMC,Italy,1998,174522,40283
Nissan,UK,1987,142072,20078
Hyundai,Hungary,1963,60447,104376
Hyundai,Portugal,1963,194298,56066
Ford,Italy,2002,19249,112136
Ford,Spain,1963,49313,80870
Corbin,UK,2010,28053,45590
BMW,Spain,1972,141979,51850
Saab,UK,2001,70640,50260
Nissan,UK,1995,24738,76667
Honda,Spain,1972,98229,69683
Jensen,UK,2006,96758,95436
Honda,Portugal,1987,29013,104956
Mitsubishi,Italy,2000,97214,90637
Hyundai,Italy,2006,173686,49361
Honda,Spain,1972,134100,75467
Corbin,UK,2010,133582,48897
Mitsubishi,UK,1998,127374,103591
Audi,Italy,1986,78653,40529
Mercedes-Benz,Italy,2012,126722,66784
Dodge,Portugal,2009,27102,25617
Lexus,UK,2011,160143,97210
Subaru,Portugal,1990,161921,65335
Audi,UK,2007,16758,116722
Suzuki,Portugal,1997,2915,82420
Ford,Spain,2009,124861,102837
Honda,UK,2000,33720,98730
Ford,UK,1977,107032,99492
Lexus,Italy,2007,53398,88632
Dodge,UK,1993,47645,50238
Toyota,Hungary,1972,174079,66104
Dodge,Spain,2009,26029,52942
Mitsubishi,Spain,2002,185605,111564
Citroen,Italy,2007,147276,14247
Land Rover,UK,1998,153076,76922
Acura,UK,2007,125898,69633
GMC,Austria,1964,45625,32266
Porsche,UK,1965,104843,28338
Lexus,Portugal,2006,91391,89102
Aston Martin,Austria,1988,179491,10499
Nissan,UK,1996,103495,37992
Mercedes-Benz,Italy,2008,187980,45121
Volkswagen,Italy,2006,51665,28917
Chrysler,Italy,2008,122651,100556
Mercedes-Benz,UK,1992,90490,80061
BMW,Spain,1998,28451,34636
Mercedes-Benz,UK,1995,78362,72099
Land Rover,UK,2012,40529,61661
Ford,UK,2003,110564,90560
GMC,UK,1998,44988,35897
Porsche,UK,2013,112132,50509
Chevrolet,Italy,2007,143349,59920
GMC,UK,2008,194005,86835
Cadillac,Hungary,2005,12794,119237
Dodge,UK,1998,175929,38931
Maserati,Portugal,1994,77278,72992
Mitsubishi,UK,1998,197726,90611
Porsche,Portugal,2006,64697,15001
Suzuki,UK,1997,170534,80993
Citroen,Italy,2008,53033,103846
Mercedes-Benz,Italy,1977,171341,119208
Infiniti,UK,2013,189823,68172
Ford,Portugal,1972,60107,110525
Mercedes-Benz,UK,2007,29667,41901
Ford,Italy,2013,98821,118627
Audi,UK,2003,130389,62042
Mazda,Hungary,2011,98928,40333
Jensen,UK,1991,84749,76891
Porsche,UK,2012,14019,12010
Nissan,UK,2010,64528,66778
Maserati,Italy,1990,192665,25336
Mazda,Hungary,1989,187426,77099
Volvo,UK,1988,87754,105952
Ford,UK,1989,4633,106207
Dodge,UK,2007,167317,93606
Chevrolet,Spain,2012,37594,61445
Citroen,Spain,2010,132589,119123
Jensen,UK,1988,84754,112222
GMC,UK,1989,144328,16074
Honda,UK,2001,115503,118379
Honda,Italy,2006,79916,83509
BMW,UK,1992,16307,101316
Chevrolet,Spain,2012,121533,38586
Mitsubishi,UK,1998,187872,81652
Ford,UK,2002,146242,87058
BMW,UK,1992,123667,97742
Land Rover,Portugal,2011,17756,81469
Dodge,UK,2006,198056,45084
GMC,UK,1993,184199,64540
Subaru,UK,1994,182022,113574
Mazda,Italy,2012,77807,94202
Aston Martin,UK,1989,5306,28385
Chrysler,Italy,2001,147308,108887
Subaru,UK,2011,164423,22791
Chevrolet,UK,1995,94502,75495
GMC,Portugal,1994,28102,68648
Chrysler,UK,2010,193130,76440
Suzuki,Portugal,2000,35054,106785
Nissan,UK,1996,172685,105024
Mazda,Spain,1995,187026,37518
GMC,UK,1994,144181,75553
Mitsubishi,Italy,1996,167325,71312
Mazda,Spain,2008,25007,22368
Hyundai,UK,2001,45432,24636
Lamborghini,UK,2006,189657,80430
Bentley,UK,2006,153598,38266
GMC,UK,1996,52600,23725
Chevrolet,UK,1995,187735,60200
Cadillac,UK,1992,163868,61687
Mazda,UK,1988,70692,43999
Cadillac,Portugal,2009,13569,78610
Lexus,Hungary,2002,68493,99920
Suzuki,UK,2006,121280,18830
Mazda,Hungary,2003,137695,88624
Ford,Hungary,1991,165749,62991
Honda,UK,1994,116348,105896
Jaguar,UK,1997,190421,11440
Ford,UK,2000,185984,19780
Dodge,UK,2000,161931,64637
GMC,UK,1992,183449,94650
Ford,Italy,1994,127633,70094
BMW,UK,2008,94657,16654
Ford,UK,1993,34272,14003
Chevrolet,Italy,2010,192982,111100
Volkswagen,UK,2007,192928,36558
Honda,Portugal,1969,107543,105178
Mitsubishi,UK,1985,10183,43112
Chevrolet,UK,2002,135255,92612
Toyota,Hungary,1964,154968,111504
Aston Martin,France,1961,168495,39799
Austin,France,1964,121912,117997
Suzuki,Hungary,1992,124718,72287
Aston Martin,France,1958,180407,68294
Volvo,Portugal,1969,73522,50237
Mitsubishi,Italy,1997,161742,112788
Corbin,France,1962,135319,69491
Honda,Hungary,1958,100486,52514
Honda,Italy,1972,24306,82049
GMC,Hungary,1962,80104,103301
Aston Martin,France,1966,6023,96441
Chevrolet,France,1972,148795,55988
Austin,France,1971,71579,105334
Cadillac,Italy,1997,26015,19778
Dodge,Portugal,2001,185480,22629
Citroen,France,1972,131903,61765
Nissan,Italy,1988,171198,45273
Aston Martin,France,1979,39086,102828
Chevrolet,Portugal,1975,83197,30512
Bentley,France,2006,140486,40871
Dodge,Italy,1994,58004,76690
Chevrolet,France,1970,111642,39641
Infiniti,France,2000,169084,60518
Dodge,Portugal,1970,137079,118527
Austin,France,1995,59312,12511
Toyota,Italy,1997,130103,52100
Mitsubishi,Portugal,1971,90420,29635
Austin,Hungary,1971,139031,88950
Daewoo,Portugal,2006,137889,95794
Acura,France,1999,40808,40355
Dodge,Italy,1972,157497,117046
Honda,Portugal,1999,198171,81071
Citroen,France,1999,9281,99388
Daewoo,Hungary,1969,156462,46758
Austin,France,1994,194709,59422
Ford,Italy,2011,141961,68007
Ford,Portugal,1966,175269,107808
Mercedes-Benz,France,1992,63855,56103
Nissan,France,1997,146836,59441
Daewoo,Portugal,1997,189109,18191
GMC,France,1998,165382,97435
Audi,Italy,1990,97241,97799
Daewoo,Hungary,1980,77275,59611
Chrysler,France,1993,186631,73834
Austin,Hungary,1969,161856,79852
Chevrolet,Austria,1966,140525,97524
Ford,France,2008,172020,51517
Dodge,France,2001,53075,13480
Saab,Hungary,1966,133830,112930
Jaguar,France,2001,153045,10719
Mitsubishi,France,1992,144286,33792
Suzuki,Portugal,1986,136985,43202
Austin,Italy,1980,50139,30776
Honda,France,2010,102723,34413
Mitsubishi,France,1995,193347,38336
Acura,Italy,2004,184136,11561
Mercedes-Benz,Hungary,1986,55930,44118
Austin,Italy,2006,187355,31485
Ford,France,2008,19290,45578
Acura,Italy,2012,75875,53308
Aston Martin,France,1976,38575,87682
Austin,Italy,1965,132731,17976
Dodge,France,2000,146313,84624
Hyundai,France,2009,149890,63163
Citroen,Portugal,1989,103738,50358
Citroen,Hungary,1998,63738,44358
Hyundai,Portugal,1978,56030,97317
Dodge,Hungary,1965,143252,52212
Volkswagen,France,1989,48497,21694
Suzuki,Italy,1964,105741,78670
Chevrolet,Portugal,1996,192717,26176
Mercedes-Benz,Hungary,1978,71733,34725
Lexus,Portugal,1978,91655,27577
Maybach,France,1996,140929,37601
Chevrolet,Portugal,1994,6864,46863
Audi,Italy,1995,12244,27620
Ford,Italy,1996,117396,28616
Ferrari,Italy,2006,119147,100083
Dodge,France,1993,103862,101203
Cadillac,France,1982,195558,78362
Dodge,France,1994,105411,60781
Ferrari,France,2006,84186,10014
BMW,France,2006,166487,12823
GMC,France,1993,38786,23934
Ferrari,Hungary,1979,10610,71128
Saab,Portugal,2009,139411,72718
Acura,France,2010,26840,90191
GMC,Italy,2002,68124,53868
Hyundai,Portugal,1982,126642,65901
BMW,France,2002,191636,33571
Ford,France,1997,85468,66248
Jensen,Italy,2009,32909,104971
Hyundai,Portugal,1999,15654,25900
McLaren,France,1999,151421,77130
Acura,France,2001,45918,93954
Ford,France,2004,198561,25836
McLaren,Hungary,1975,70303,81856
Toyota,France,2002,187969,109479
Maybach,France,2003,92882,64973
Chevrolet,Hungary,1982,62892,42543
Ford,Portugal,2001,106142,118944
Toyota,France,1998,105563,92890
Aston Martin,Hungary,1959,27738,108725
Suzuki,France,1988,194553,98653
Aston Martin,Italy,2011,42371,10299
GMC,Portugal,2010,31156,84937
Chevrolet,Portugal,2008,47290,23649
Chevrolet,France,2002,6632,66599
McLaren,France,2000,74473,32413
Mercedes-Benz,France,1959,182671,36967
Toyota,France,1967,41018,59336
GMC,Portugal,1998,51063,32917
Lexus,France,2007,29429,116413
Chevrolet,Portugal,2009,21585,98765
Audi,France,2002,25170,48614
Mitsubishi,Hungary,1976,156342,67749
Honda,France,1959,160995,87585
Kia,France,1997,20508,18931
Chevrolet,Portugal,1998,2143,69918
Hyundai,France,2002,81929,85128
Honda,Portugal,2010,76933,88495
Nissan,Italy,1979,58926,98168
MINI,France,2011,161695,77502
GMC,France,2012,40788,93024
Honda,Hungary,2009,168622,77476
Suzuki,France,1992,160429,80258
Ford,France,2001,52488,89118
BMW,France,1992,121952,55976
Ford,France,2005,38806,16538
Dodge,France,1992,7246,56231
Nissan,Portugal,1989,182629,38191
GMC,Italy,1998,183738,54491
Mitsubishi,Hungary,1995,34516,113683
Honda,France,1969,155496,70268
Chevrolet,Portugal,1995,65496,108047
Nissan,France,1991,176637,91199
MINI,France,1991,188116,89166
Jensen,France,2010,170361,74270
BMW,France,2001,35771,64874
Audi,France,1993,52531,18222
Lexus,France,1969,197321,56157
Dodge,Hungary,1992,28009,89554
Honda,Italy,1988,31247,70018
Ford,France,2011,113164,99222
Chevrolet,France,2000,27963,100183
Dodge,Portugal,1999,197834,68091
Mitsubishi,Hungary,2001,82231,50584
Maserati,France,1990,186186,77252
GMC,Portugal,1992,180717,33089
Volvo,Portugal,1998,29463,64059
Jensen,France,2002,149908,19222
GMC,Hungary,1995,132413,68738
Cadillac,France,2009,152529,118789
Porsche,France,1994,25155,117047
Mercedes-Benz,France,1965,161363,11920
MINI,France,2004,53529,79712
Ford,France,2001,43899,28007
Chevrolet,France,1994,108729,43682
Aston Martin,Italy,2007,179210,97538
Dodge,Portugal,1999,13265,41293
Audi,Portugal,2011,175750,51971
Cadillac,Hungary,2009,69092,117894
GMC,France,1995,20804,70279
Toyota,France,1974,10228,84868
Ford,Hungary,1995,145576,50155
Volvo,Italy,1992,143171,55349
MINI,Hungary,1989,104212,40464
MINI,France,1988,13852,81782
Corbin,France,1980,8127,103331
Ford,France,1963,50163,91616
Chevrolet,Italy,1972,146863,41476
Honda,Portugal,1977,102162,16827
Mazda,France,1995,151539,46559
Ford,Portugal,1989,83463,19261
Suzuki,Portugal,1993,71095,111476
Mercedes-Benz,Italy,1974,176962,30821
Toyota,France,1988,45738,52759
Lotus,France,1998,98644,108037
Volvo,Hungary,1998,172950,95526
Hummer,Hungary,1997,185321,83207
Kia,Portugal,2002,22820,63149
Kia,Hungary,1970,173919,79098
Land Rover,Portugal,1995,127122,28421
Toyota,France,1977,100931,32942
Nissan,Portugal,1996,1540,70756
Volkswagen,France,1992,51738,28946
Land Rover,France,2005,132285,111670
BMW,Hungary,1970,67861,42749
Toyota,Hungary,1995,172649,11983
Nissan,France,1991,25031,58205
Ford,Italy,2011,4332,28223
Cadillac,France,1996,173595,47571
Cadillac,Portugal,1998,104867,13030
Toyota,France,2008,182341,30963
Mazda,Hungary,1988,121233,63954
Dodge,Hungary,2006,10573,60813
Mitsubishi,Italy,1997,22996,54371
Mercedes-Benz,France,2004,143035,104719
Audi,France,2001,189197,62455
Volkswagen,France,1999,55939,51563
Hummer,France,2006,69497,95891
Mitsubishi,France,1998,37074,34433
MINI,Portugal,1987,7812,55842
Mercedes-Benz,Hungary,2001,55778,96536
Chevrolet,France,2001,21509,18780
Hyundai,Portugal,1992,169312,110045
Toyota,France,2006,157222,103863
Ferrari,France,2011,102679,36934
Chrysler,Portugal,1996,22071,95436
Mitsubishi,Austria,1993,194460,49501
Toyota,France,1968,177744,61000
Acura,Italy,1996,181013,10606
Cadillac,France,2003,105764,113477
Nissan,Portugal,1996,3637,114280
BMW,Portugal,2009,102199,106779
Chevrolet,Portugal,2012,109269,30592
Maserati,Portugal,2004,23573,76331
Mitsubishi,France,1996,83030,119325
Ferrari,Portugal,1996,172839,64568
Ford,Portugal,2007,108711,45579
MINI,Portugal,2012,139623,78500
Cadillac,France,2005,115550,14492
Acura,Portugal,1995,196643,17578
Ford,France,2003,118871,71223
Dodge,Portugal,1993,166175,107920
Chrysler,France,2003,190169,81437
Suzuki,France,2011,147857,34459
Subaru,France,2005,143857,74343
Chevrolet,France,1978,22229,28164
Toyota,Hungary,1995,180938,32530
Audi,Italy,2008,186990,43446
Suzuki,Hungary,2000,114570,34027
Maserati,Hungary,1991,187512,34053
Chrysler,France,1993,195686,16116
Ford,Portugal,2005,13081,80504
Cadillac,Italy,1998,169046,37291
GMC,Portugal,2008,111626,100629
Chevrolet,France,1978,44661,96754
Lexus,France,2010,54689,31820
Porsche,Hungary,1973,63772,104733
Mercedes-Benz,France,2007,105957,78547
GMC,France,1995,90059,23986
Infiniti,France,1997,194838,60919
Ford,France,2007,97883,72961
Volvo,Hungary,1995,90710,71927
Volkswagen,France,1999,103749,12827
BMW,Italy,1997,138057,84076
Subaru,Portugal,2009,16353,111542
Toyota,Portugal,1996,125417,43059
Volkswagen,France,2005,71615,74657
Mazda,France,1987,11591,118904
Mitsubishi,France,1993,50583,72310
Nissan,France,2004,139241,79293
Ford,Portugal,2002,137592,21496
Volkswagen,Hungary,1989,184005,17335
Honda,Italy,1973,26301,97377
Lexus,France,2004,29137,20814
Mazda,France,2001,139037,36027
Dodge,France,1999,88047,113051
Aston Martin,Austria,2009,102051,73687
Nissan,France,2008,17026,117150
Volvo,France,2006,65649,48334
Toyota,France,2004,57654,114174
Mitsubishi,France,1996,105535,103188
BMW,France,2008,168879,111367
Lotus,Italy,2003,160133,44780
Ford,Italy,2009,7655,12382
Volkswagen,France,1992,93014,99148
Ford,Hungary,1981,138451,24084
Honda,France,2009,5713,31170
Ford,Italy,2001,43864,108371
Acura,Italy,2010,81169,11426
Dodge,France,1995,111319,90168
Ford,France,2011,153994,12214
Toyota,France,2001,28493,31759
Lexus,France,2000,191933,115211
Cadillac,France,2010,68088,15747
Chevrolet,France,1998,191585,85128
Audi,Portugal,1996,158854,22190
Acura,Hungary,2002,184573,103154
Porsche,Portugal,1996,93766,49612
Nissan,Hungary,2005,168745,61494
Maserati,France,1991,165243,96473
Dodge,France,1996,153819,115901
Porsche,Italy,2009,131890,18004
Honda,Hungary,2010,155420,102470
Chevrolet,France,1975,153242,24025
Audi,Italy,2010,159486,29759
Suzuki,France,2007,22761,94018
Ford,France,2009,70038,91061
Cadillac,France,1995,94229,106931
Audi,Italy,2000,165041,53912
Lotus,Hungary,1998,77501,12531
Infiniti,Hungary,1998,131851,72126
Maybach,Hungary,2010,183639,107340
Honda,Hungary,1992,111205,27520
Dodge,France,2012,25766,20101
Suzuki,France,1989,31253,64417
Honda,France,1986,150339,56809
Nissan,France,1984,89545,96192
Kia,Italy,1959,116116,67430
Infiniti,France,1997,52688,91611
MINI,Hungary,1994,115554,20927
Chevrolet,Hungary,2009,133171,14767
Hyundai,France,2006,98000,61278
Dodge,Hungary,1998,51308,65534
Infiniti,Hungary,2011,73922,12073
Corbin,Hungary,2004,141653,86773
Volkswagen,Italy,1996,97654,31806
Chrysler,Spain,1959,177063,116518
Jensen,Hungary,1994,92128,116100
GMC,France,1998,190975,56492
Nissan,France,2004,154323,21062
Dodge,Spain,1958,20402,77093
Mitsubishi,France,1999,74319,74037
Mercedes-Benz,Spain,1962,60397,42050
Mazda,France,1995,63153,104798
GMC,France,1996,168410,15572
Chevrolet,Italy,1958,46027,28121
Nissan,France,1987,68542,39025
Corbin,Hungary,1996,23325,112930
Toyota,France,2006,174649,75226
GMC,France,1996,126118,87717
Mercedes-Benz,France,1998,59716,94475
Suzuki,France,2008,168383,83615
Lexus,Hungary,2008,196274,28488
Jaguar,Hungary,2002,80760,86934
Toyota,France,2004,2315,42792
Cadillac,Hungary,2000,187046,22704
Suzuki,Hungary,2012,120858,44902
Audi,France,2011,65257,94029
Mazda,France,2011,170772,38556
Lexus,France,2005,131474,87199
BMW,France,2009,165346,17172
Kia,France,1997,76859,11403
Suzuki,Hungary,2006,140653,107744
Lamborghini,France,1997,160499,47336
Honda,France,1985,96398,26014
Toyota,Spain,1964,52051,97301
Dodge,France,1994,72255,15013
Mitsubishi,Hungary,2010,134117,99405
Ford,Italy,2009,178692,56789
Suzuki,Hungary,2003,47349,111107
Aston Martin,Austria,1995,73744,66334
Lotus,France,1999,189364,38257
Bugatti,France,2005,152974,77504
Audi,Italy,2011,76942,98325
Bugatti,UK,2008,165949,44468
Mitsubishi,France,1995,2195,93410
Nissan,Hungary,1994,105239,63065
Acura,France,1999,130852,117453
Toyota,Hungary,2005,31112,36214
Bugatti,Hungary,2006,78022,81993
Bugatti,France,2010,41657,94870
Land Rover,France,2003,39644,13618
Mitsubishi,Spain,2000,124816,13523
Suzuki,Hungary,1985,132958,89500
Acura,Italy,2002,100451,33306
Land Rover,Spain,2011,109420,84562
Chevrolet,France,1992,99558,53555
Bentley,Italy,2011,73255,95429
Chevrolet,France,2003,89929,51118
Mitsubishi,France,2003,62206,118631
Mitsubishi,France,1999,84088,55822
Bugatti,France,2011,44425,21388
Lexus,France,2000,189816,41338
Lexus,France,2004,47340,78895
Toyota,Spain,2001,171464,23466
Bugatti,Hungary,2006,51555,31007
Aston Martin,Austria,2012,46114,106258
Hyundai,France,1993,23583,73519
Mitsubishi,France,2008,95084,44432
Kia,France,2009,190064,83521
Ferrari,France,2006,32235,101414
Kia,France,2009,57561,11187
Nissan,France,2000,9083,76353
Daewoo,France,1999,38077,80084
Honda,France,2006,101127,102196
GMC,France,2006,67435,85048
Mitsubishi,France,1994,96169,34911
Infiniti,France,2007,125103,11371
Dodge,Spain,2008,183925,70240
Toyota,Italy,1998,30704,89288
Dodge,France,2008,183055,27307
Porsche,Italy,1997,165756,80523
Bugatti,Italy,1996,137765,18382
Nissan,France,1986,84070,115538
Volkswagen,France,1986,80600,38921
BMW,France,2010,191157,86658
Ford,Italy,2004,174588,37942
Honda,Spain,1974,172799,32742
Ford,France,1989,145289,100964
BMW,Hungary,1974,27177,12411
Mazda,France,2008,151955,58396
Bugatti,Italy,2000,21991,46859
Suzuki,Italy,1994,154405,64856
Toyota,France,2006,82464,89787
Volkswagen,France,1990,182495,102321
Chevrolet,France,1973,168737,30294
Infiniti,Spain,2011,28754,32415
Nissan,Hungary,1994,45886,21030
Chevrolet,France,2006,106616,28525
Ford,France,1991,16647,72625
Infiniti,Hungary,2006,45122,78366
Toyota,Hungary,2004,139334,110777
Hyundai,Hungary,2005,158545,12467
Mercedes-Benz,France,1984,70980,65547
MINI,Spain,2009,186142,68542
Toyota,Hungary,2003,82854,99843
Fairthorpe,France,1960,176880,23944
Volvo,France,2010,174121,58352
Aston Martin,UK,2011,77262,104379
Volvo,Italy,2005,88692,44778
Ford,France,2004,151345,71748
Nissan,France,2007,5846,28855
Acura,France,2005,50373,111332
Mercedes-Benz,Spain,2009,63680,32581
Volvo,France,1998,22934,103474
Mitsubishi,France,2001,43907,99418
Corbin,Spain,1987,27184,48147
Mercedes-Benz,France,2010,59089,106345
Chevrolet,Hungary,1999,3445,74809
Infiniti,Spain,1977,34747,104638
Hyundai,Hungary,1989,22754,17878
Chrysler,France,1993,129863,74807
GMC,France,2005,100910,59693
GMC,Italy,1993,121946,71253
Honda,France,2010,22481,81976
Honda,Hungary,1977,139797,109396
Mercedes-Benz,Spain,1977,177164,106236
Hyundai,Italy,2010,67325,89022
Toyota,France,1998,77064,93212
Chevrolet,Hungary,1996,43978,82937
Subaru,Hungary,1993,26840,97795
Nissan,France,1992,179848,70435
Cadillac,France,2008,169261,73382
Mercedes-Benz,France,1993,62836,34110
Aston Martin,Hungary,1983,35085,84758
Acura,France,2004,190786,117904
Nissan,Hungary,1992,47750,19775
Cadillac,Italy,2002,19086,105756
Nissan,Italy,2011,53085,47816
Chrysler,Italy,2000,153808,42708
Nissan,France,1998,51887,40861
Lexus,Spain,1995,88758,102156
Chevrolet,Hungary,1994,182072,25633
Suzuki,Hungary,2007,198348,11142
Ford,France,2013,61173,42635
Nissan,France,2009,177746,97737
Nissan,France,1986,123135,86710
Cadillac,France,2009,93856,90612
Lexus,Spain,1993,82027,114973
Dodge,Hungary,1983,106161,111149
Volvo,Italy,2005,85103,24444
Hyundai,Italy,2002,162488,100985
Lexus,Italy,2004,84634,50110
Cadillac,France,2009,106606,12514
Honda,France,2000,147721,16608
Volkswagen,Spain,1991,13799,110419
Subaru,France,2002,34879,27161
Chevrolet,Spain,1992,88431,30310
Saturn,France,2003,150745,111616
Mercedes-Benz,Hungary,2002,56661,43718
Audi,Hungary,2010,189725,70003
Corbin,Italy,2009,2253,72318
Lexus,Italy,2004,37045,51673
Chevrolet,Hungary,1997,24616,41367
Saturn,Hungary,1992,60106,78390
Porsche,Italy,1999,64535,46704
Toyota,Italy,1998,71002,24055
Volkswagen,Italy,2004,117540,14600
Land Rover,Portugal,1962,21250,48609
Corbin,Italy,1997,35233,12872
Suzuki,Italy,2004,142017,47499
Chevrolet,Spain,1992,92625,50250
Chevrolet,Portugal,1958,119203,104029
Bugatti,Portugal,1959,137118,27119
Toyota,Italy,2006,113586,50650
Cadillac,Spain,2003,39982,71924
Honda,Italy,2006,153193,15750
Acura,Italy,2001,88600,37804
Mercedes-Benz,Italy,2004,154069,80996
Nissan,Portugal,1993,146735,51489
Mitsubishi,Spain,1966,141969,81197
Toyota,Italy,2006,99096,61179
Ford,Spain,2012,43828,42377
Chevrolet,Portugal,1993,106118,33960
Cadillac,Spain,2004,79609,88662
Corbin,Portugal,1988,133639,19196
Chevrolet,Italy,2006,44391,14836
Jaguar,Italy,2010,79670,62100
Hyundai,Italy,1993,76438,98656
Chevrolet,Italy,1996,82103,62105
Chevrolet,Spain,1994,170231,35575
Bugatti,Spain,2013,125421,38590
Honda,Spain,2007,1640,22944
Citroen,Austria,1960,55875,97992
Ford,Portugal,1997,107700,63939
Mitsubishi,Italy,1999,75203,40382
MINI,Italy,2011,10163,51625
Chevrolet,Italy,1997,50972,112448
Cadillac,Austria,1978,91516,102064
Honda,Hungary,1995,177698,78794
Lamborghini,Hungary,1987,29384,72340
Suzuki,Italy,1992,180639,116134
Chrysler,Hungary,2006,48269,112627
Volvo,Italy,2008,159815,73012
Hyundai,Italy,2004,125068,114870
Kia,Italy,2003,26191,12352
Mercedes-Benz,Italy,2011,187486,34971
Cadillac,Portugal,2007,171352,63399
Dodge,Hungary,2003,194539,14681
Volkswagen,Italy,2009,93825,11989
Mitsubishi,Italy,2012,150646,102970
Cadillac,Italy,2008,18204,109290
MINI,Italy,1989,47812,79248
Subaru,Italy,2003,100879,75314
Chevrolet,Italy,2007,61282,113418
Ford,Portugal,2012,106462,18786
Chevrolet,Italy,2006,45211,101896
MINI,Portugal,1986,47211,70474
Ford,Italy,2011,106242,113805
Audi,Portugal,2005,45432,82685
Lexus,Hungary,2007,53123,48557
GMC,Italy,2011,143442,89175
Chrysler,Italy,2002,47024,14418
Honda,Italy,1987,138732,14771
Mitsubishi,Italy,1997,24229,48404
Audi,Italy,2003,75787,112837
Lexus,Italy,1994,74283,53891
Land Rover,Italy,2009,96312,79561
Chevrolet,Italy,1994,52440,83639
Dodge,Italy,2003,45409,21226
Saturn,Italy,2000,71126,16846
Acura,Italy,1997,54638,103487
Mitsubishi,Italy,1993,90047,76485
GMC,Portugal,2005,14511,83003
Alfa Romeo,Portugal,1994,198533,11250
Toyota,Italy,2008,188106,13732
Nissan,Portugal,2001,3922,82167
Acura,Italy,2006,24863,115057
Lexus,Italy,1997,133879,68222
Mitsubishi,Italy,1996,143083,89762
Ford,Italy,2006,117542,118166
Hyundai,Italy,2011,76696,40318
Subaru,Italy,2007,63399,100443
Honda,Italy,1985,58489,27891
Mazda,Italy,1989,129486,43930
GMC,Netherlands,1963,188158,66110
Honda,Spain,1990,4724,73373
Toyota,Italy,2006,61754,32273
Porsche,Italy,2003,45397,77630
Land Rover,Netherlands,1972,55361,44589
Citroen,Netherlands,1959,65563,86883
Austin,Netherlands,1962,180674,16271
Aston Martin,Netherlands,1966,182541,118103
Audi,Portugal,1999,128521,48277
Ford,Italy,1989,193570,116467
Bugatti,Netherlands,1967,162493,115785
Suzuki,Portugal,1995,126530,101394
Mitsubishi,Portugal,2010,166290,48646
Daewoo,Netherlands,1968,45787,64335
Citroen,Netherlands,1968,107045,103145
Chevrolet,Portugal,1968,71651,66081
BMW,Italy,1968,178984,77478
Austin,Netherlands,2007,18122,34206
Suzuki,Hungary,1968,31160,119448
Suzuki,Spain,1968,40019,63335
Aston Martin,Netherlands,2001,28564,63913
Daewoo,Netherlands,2000,40377,62851
Saab,Italy,2006,50313,89151
Chevrolet,Netherlands,1989,135424,84492
Chevrolet,Netherlands,2001,68234,54857
Honda,Italy,1990,38887,74957
Acura,Netherlands,1994,71369,110529
Honda,Portugal,1999,4035,51984
Daewoo,Netherlands,2001,85420,60684
Mitsubishi,Netherlands,1995,44123,30637
Land Rover,Spain,2001,98351,66523
Aston Martin,Netherlands,1978,117359,31390
Ford,Italy,2012,118304,48269
Chevrolet,Italy,1997,168862,61704
Saturn,Portugal,2000,182683,27853
Dodge,Italy,1998,108562,63486
Ford,Italy,2009,116802,118158
Mazda,Italy,1995,137885,29835
Chrysler,Netherlands,2003,108927,21283
Mercedes-Benz,Netherlands,1971,84453,11135
GMC,Netherlands,1993,18884,45281
MINI,Netherlands,2006,161502,116158
Corbin,Netherlands,1993,10455,67165
Ford,Italy,1996,97851,16655
Subaru,Portugal,2000,94585,74226
MINI,Netherlands,1993,95475,25883
Bentley,Hungary,1997,118744,91522
Suzuki,Netherlands,1995,163593,118583
Mercedes-Benz,Netherlands,1970,144839,75117
Corbin,Netherlands,2008,43661,106910
Aston Martin,Netherlands,1970,2557,103274
Ford,Italy,1971,98205,14927
Jensen,Portugal,1991,85917,56667
Kia,Spain,2010,180332,12626
Chrysler,Italy,1992,138730,14137
Infiniti,Italy,2011,194612,29986
Volkswagen,Italy,1996,128363,22552
Ford,Portugal,1984,157189,107451
Mitsubishi,Netherlands,1987,22566,42486
Suzuki,Netherlands,2007,168404,70852
Nissan,Netherlands,1965,5565,13459
BMW,Netherlands,2003,10585,80009
Ford,Netherlands,1987,164229,19179
Mercedes-Benz,Netherlands,1990,93094,95480
Acura,Portugal,1999,95428,111777
Mazda,Netherlands,2001,78909,114479
Ford,Netherlands,2003,85022,84174
Cadillac,Italy,2004,97882,88253
Citroen,Austria,1963,43297,51958
Ford,Portugal,1993,51864,75006
Aston Martin,Netherlands,1990,67573,24071
GMC,Netherlands,2000,149154,98731
Volkswagen,Netherlands,1987,185841,52993
Mazda,Netherlands,1995,50118,33596
Mitsubishi,Italy,1985,190003,48888
Austin,Spain,1999,78018,44370
Ford,Portugal,1995,25644,84486
Aston Martin,Spain,1992,49258,18612
Toyota,Netherlands,1993,105286,71001
Bentley,Spain,1995,31973,28701
Mercedes-Benz,Italy,2012,117321,57646
Ford,Portugal,2013,158410,65567
GMC,Italy,2009,160271,54329
Ford,Hungary,2009,65998,20291
Nissan,Netherlands,1974,30235,75869
Toyota,Netherlands,2005,123487,114210
Mitsubishi,Netherlands,1996,183942,84265
Mitsubishi,Netherlands,1987,180358,17386
Honda,Netherlands,1985,57325,87684
Saturn,Netherlands,2002,92986,118185
Chrysler,Portugal,1999,11371,36437
Honda,Portugal,2003,193527,117335
Lamborghini,Netherlands,1974,74418,38241
Maserati,Italy,2006,176130,21486
Hyundai,Italy,1984,173316,51201
Dodge,Italy,1992,163249,33021
Chrysler,Netherlands,1998,31806,91214
Jaguar,Netherlands,1973,165629,19947
Ford,Netherlands,2001,97446,102296
Nissan,Netherlands,2005,194249,15417
Honda,Italy,1967,21345,67680
Jaguar,Netherlands,1973,12983,25249
Nissan,Netherlands,2010,106545,94261
Cadillac,Netherlands,1998,35486,82339
Volkswagen,Netherlands,1976,6556,11109
Lexus,Netherlands,1995,89289,51329
Honda,Portugal,2005,46079,21426
Nissan,Italy,2000,189167,63068
Dodge,Netherlands,1995,2557,49381
Chrysler,Netherlands,1973,24444,45711
Dodge,Italy,1992,95984,70512
Infiniti,Netherlands,1994,175512,43864
Land Rover,Netherlands,1995,75434,108326
Aston Martin,Spain,2007,53418,83996
Mitsubishi,Netherlands,1992,7320,105598
Ford,Netherlands,1994,7338,106227
Suzuki,Netherlands,2008,152181,54929
Hummer,Spain,2007,27479,104705
Volkswagen,Netherlands,1999,130995,38703
Chevrolet,Portugal,2003,62094,88444
Nissan,Netherlands,2007,156597,93173
Chevrolet,Netherlands,1979,74605,113838
Dodge,Netherlands,1999,64728,37467
Lamborghini,Netherlands,2007,43333,64826
Chevrolet,Netherlands,1977,8193,112748
Jensen,Netherlands,2012,6428,119990
Nissan,Portugal,2011,38912,69675
Chrysler,Netherlands,2003,97088,27624
Kia,Netherlands,2008,35338,56757
Bentley,Netherlands,2008,39875,104609
Kia,Netherlands,1989,138095,27134
Bentley,Netherlands,2009,172986,86578
Mitsubishi,France,1984,34219,23731
Chevrolet,France,2001,62305,118726
Jensen,Netherlands,2008,31164,83399
Chevrolet,Portugal,1992,122276,57331
Mitsubishi,Netherlands,2011,31992,104608
Mercedes-Benz,France,1978,179217,51912
Mazda,Spain,1994,125478,101843
Lexus,France,2012,13333,96761
Austin,Spain,2009,168446,86364
Honda,France,1973,129925,111364
Mercedes-Benz,France,1985,140090,116789
GMC,France,2008,196383,104916
Mercedes-Benz,France,2004,112668,49820
Chevrolet,Spain,2011,19212,12251
Chevrolet,France,1994,131611,23465
Porsche,Portugal,2012,23758,20083
Audi,France,2011,57176,32772
Dodge,France,2002,83620,111251
Mazda,France,1996,13525,81149
Austin,Spain,1993,49416,69333
Nissan,Portugal,1996,83964,78636
Dodge,France,1993,164262,118987
GMC,Netherlands,2009,137906,97561
BMW,France,2003,80118,83610
Mazda,France,2008,131711,61064
Mercedes-Benz,Portugal,2006,3376,37161
Honda,France,2008,14368,119906
Ford,Portugal,1973,93424,97241
Maserati,France,1990,25901,46242
Mercedes-Benz,France,2010,42288,12323
GMC,Netherlands,2003,83966,11508
Suzuki,France,2010,198529,36023
BMW,Hungary,1978,12386,104336
Volkswagen,Netherlands,1996,153430,29992
Hyundai,France,2009,132566,108959
Saturn,Portugal,1996,76829,101943
Alfa Romeo,France,1993,191673,35356
Mercedes-Benz,Portugal,2006,75889,21321
Ford,Portugal,1984,6721,17288
Honda,Netherlands,2006,143460,73576
Audi,France,2002,150787,51367
Honda,France,2002,43154,99572
Austin,Spain,1978,91865,16945
Honda,Portugal,2005,118119,52186
Chevrolet,Netherlands,1958,180184,20844
BMW,Hungary,1997,174764,19338
Cadillac,Netherlands,2004,46592,72413
Ford,Portugal,2003,16565,97897
Honda,Netherlands,2006,191756,44937
Audi,Portugal,1999,42684,41708
Mercedes-Benz,France,2010,167094,62439
Mercedes-Benz,France,1991,9505,32638
Honda,Netherlands,2006,111397,63889
Jaguar,France,2003,87571,111054
Land Rover,Spain,2001,158417,70026
Chevrolet,France,2003,176528,26793
Honda,France,1981,166175,59038
Austin,Spain,2012,41947,22147
Volvo,France,2010,25653,57367
Saab,France,1992,53415,64034
Honda,France,1989,73769,22166
Honda,Netherlands,2007,116812,108766
Chevrolet,France,1993,55752,66263
Toyota,Spain,1988,195915,50683
BMW,France,1992,139545,38177
Chevrolet,Spain,2004,91336,15351
Toyota,France,2012,83745,64059
Dodge,Hungary,2001,8909,79205
Mercedes-Benz,France,2006,21816,17168
Land Rover,France,2006,99574,43206
Chevrolet,France,2001,100600,16008
Mitsubishi,France,2008,38089,42436
Nissan,Netherlands,1999,190371,94136
Suzuki,Netherlands,1995,10516,10028
Nissan,Spain,2011,182533,77602
Mercedes-Benz,Portugal,2010,86758,110696
Chevrolet,France,2007,14740,91262
BMW,Spain,1993,132397,104553
Suzuki,Spain,2005,47846,64450
Honda,France,1991,194036,14398
Suzuki,France,2001,95966,62589
Mercedes-Benz,France,2012,117891,92769
Ferrari,Netherlands,2008,92241,13919
Nissan,France,2009,165268,38765
Mercedes-Benz,France,2008,124071,38629
Mitsubishi,Portugal,2002,84091,76012
Toyota,Netherlands,1997,140901,41609
Ford,France,2006,118477,50347
Chevrolet,Netherlands,2013,120272,101043
BMW,France,2005,48601,79638
Honda,Portugal,2001,53814,50436
Hyundai,Portugal,2008,56961,65229
Mitsubishi,France,2007,5633,46920
Volvo,Hungary,2007,110850,70847
Mitsubishi,Hungary,1995,154118,107583
Mitsubishi,France,2002,120701,14038
BMW,Portugal,2005,197398,67882
Chevrolet,France,1983,166955,67167
Volvo,France,2011,112227,44062
Nissan,Portugal,1985,175503,12565
Nissan,Portugal,1987,123161,58224
Audi,Portugal,2008,61718,76035
Subaru,France,2012,130906,70750
Ford,France,1992,158426,102222
Nissan,France,1991,134187,55121
Suzuki,France,1989,40866,115940
Hyundai,France,2000,13172,40458
Honda,Netherlands,1992,93883,32429
Toyota,Portugal,1986,7455,68429
Honda,France,2006,185921,30155
Mitsubishi,France,2001,14906,65090
Chevrolet,France,1973,186123,30175
Bugatti,Netherlands,1969,162493,115785
